 INSERT INTO metric (comparator,   name ) VALUES ('0',   'THROUGHPUT' );
 INSERT INTO test (name,   uid ) VALUES ('EDS Long',   'soa_eds_long_select' );
 INSERT INTO test_execution (   id,   name,   test_id ) VALUES (   1,   'eds_long_select',   1 );  INSERT INTO test_execution (   id,   name,   test_id ) VALUES (   2,   'eds_long_select',   1 );  INSERT INTO test_execution (   id,   name,   test_id ) VALUES (   3,   'eds_long_select',   1 );  INSERT INTO test_execution (   id,   name,   test_id ) VALUES (   4,   'eds_long_select',   1 );  INSERT INTO test_execution (   id,   name,   test_id ) VALUES (   5,   'eds_long_select',   1 );  INSERT INTO test_execution (   id,   name,   test_id ) VALUES (   6,   'eds_long_select',   1 );  INSERT INTO test_execution (   id,   name,   test_id ) VALUES (   7,   'eds_long_select',   1 );  INSERT INTO test_execution (   id,   name,   test_id ) VALUES (   8,   'eds_long_select',   1 );  INSERT INTO test_execution (   id,   name,   test_id ) VALUES (   9,   'eds_long_select',   1 );  INSERT INTO test_execution (   id,   name,   test_id ) VALUES (   10,   'eds_long_select',   1 );  INSERT INTO test_execution (   id,   name,   test_id ) VALUES (   11,   'eds_long_select',   1 );  INSERT INTO test_execution (   id,   name,   test_id ) VALUES (   12,   'eds_long_select',   1 );  INSERT INTO test_execution (   id,   name,   test_id ) VALUES (   13,   'eds_long_select',   1 );  INSERT INTO test_execution (   id,   name,   test_id ) VALUES (   14,   'eds_long_select',   1 );  INSERT INTO test_execution (   id,   name,   test_id ) VALUES (   15,   'eds_long_select',   1 );  INSERT INTO test_execution (   id,   name,   test_id ) VALUES (   16,   'eds_long_select',   1 );  INSERT INTO test_execution (   id,   name,   test_id ) VALUES (   17,   'eds_long_select',   1 );  INSERT INTO test_execution (   id,   name,   test_id ) VALUES (   18,   'eds_long_select',   1 );  INSERT INTO test_execution (   id,   name,   test_id ) VALUES (   19,   'eds_long_select',   1 );  INSERT INTO test_execution (   id,   name,   test_id ) VALUES (   20,   'eds_long_select',   1 );  INSERT INTO test_execution (   id,   name,   test_id ) VALUES (   21,   'eds_long_select',   1 );  INSERT INTO test_execution (   id,   name,   test_id ) VALUES (   22,   'eds_long_select',   1 );  INSERT INTO test_execution (   id,   name,   test_id ) VALUES (   23,   'eds_long_select',   1 );  INSERT INTO test_execution (   id,   name,   test_id ) VALUES (   24,   'eds_long_select',   1 );        INSERT INTO tag (   id,   name ) VALUES (   2,   'product=SOA' );  INSERT INTO tag (   id,   name ) VALUES (   1,   'build=531ER5' );  INSERT INTO tag (   id,   name ) VALUES (   5,   'build=531CR1' );        INSERT INTO value (   id,   name,   result_value,   metric_id,   test_execution_id ) VALUES (   1,   NULL,   24.5324,   1,   1 );  INSERT INTO value (   id,   name,   result_value,   metric_id,   test_execution_id ) VALUES (   2,   NULL,   244.03,   1,   2 );  INSERT INTO value (   id,   name,   result_value,   metric_id,   test_execution_id ) VALUES (   3,   NULL,   1232.33,   1,   3 );  INSERT INTO value (   id,   name,   result_value,   metric_id,   test_execution_id ) VALUES (   4,   NULL,   1996.72,   1,   4 );  INSERT INTO value (   id,   name,   result_value,   metric_id,   test_execution_id ) VALUES (   5,   NULL,   1994.56,   1,   5 );  INSERT INTO value (   id,   name,   result_value,   metric_id,   test_execution_id ) VALUES (   6,   NULL,   592.27,   1,   6 );  INSERT INTO value (   id,   name,   result_value,   metric_id,   test_execution_id ) VALUES (   7,   NULL,   1985.49,   1,   7 );  INSERT INTO value (   id,   name,   result_value,   metric_id,   test_execution_id ) VALUES (   8,   NULL,   1990.64,   1,   8 );  INSERT INTO value (   id,   name,   result_value,   metric_id,   test_execution_id ) VALUES (   9,   NULL,   1992.65,   1,   9 );  INSERT INTO value (   id,   name,   result_value,   metric_id,   test_execution_id ) VALUES (   10,   NULL,   1994.07,   1,   10 );  INSERT INTO value (   id,   name,   result_value,   metric_id,   test_execution_id ) VALUES (   11,   NULL,   1993.55,   1,   11 );  INSERT INTO value (   id,   name,   result_value,   metric_id,   test_execution_id ) VALUES (   12,   NULL,   24.43,   1,   12 );  INSERT INTO value (   id,   name,   result_value,   metric_id,   test_execution_id ) VALUES (   13,   NULL,   122.14,   1,   13 );  INSERT INTO value (   id,   name,   result_value,   metric_id,   test_execution_id ) VALUES (   14,   NULL,   244.25,   1,   14 );  INSERT INTO value (   id,   name,   result_value,   metric_id,   test_execution_id ) VALUES (   15,   NULL,   1228.05,   1,   15 );  INSERT INTO value (   id,   name,   result_value,   metric_id,   test_execution_id ) VALUES (   16,   NULL,   1993.94,   1,   16 );  INSERT INTO value (   id,   name,   result_value,   metric_id,   test_execution_id ) VALUES (   17,   NULL,   1992.29,   1,   17 );  INSERT INTO value (   id,   name,   result_value,   metric_id,   test_execution_id ) VALUES (   18,   NULL,   589.41,   1,   18 );  INSERT INTO value (   id,   name,   result_value,   metric_id,   test_execution_id ) VALUES (   19,   NULL,   1988.99,   1,   19 );  INSERT INTO value (   id,   name,   result_value,   metric_id,   test_execution_id ) VALUES (   20,   NULL,   1994.01,   1,   20 );  INSERT INTO value (   id,   name,   result_value,   metric_id,   test_execution_id ) VALUES (   21,   NULL,   1990.73,   1,   21 );  INSERT INTO value (   id,   name,   result_value,   metric_id,   test_execution_id ) VALUES (   22,   NULL,   1992.31,   1,   22 );  INSERT INTO value (   id,   name,   result_value,   metric_id,   test_execution_id ) VALUES (   23,   NULL,   1991.22,   1,   23 );  INSERT INTO value (   id,   name,   result_value,   metric_id,   test_execution_id ) VALUES (   24,   NULL,   121.7433,   1,   24 );        INSERT INTO test_metric (   id,   metric_id,   test_id ) VALUES (   1,   1,   1 );       INSERT INTO test_execution_tag (   id,   tag_id,   test_execution_id ) VALUES (   1,   1,   1 );  INSERT INTO test_execution_tag (   id,   tag_id,   test_execution_id ) VALUES (   2,   2,   1 );  INSERT INTO test_execution_tag (   id,   tag_id,   test_execution_id ) VALUES (   4,   2,   2 );  INSERT INTO test_execution_tag (   id,   tag_id,   test_execution_id ) VALUES (   6,   2,   3 );  INSERT INTO test_execution_tag (   id,   tag_id,   test_execution_id ) VALUES (   8,   2,   4 );  INSERT INTO test_execution_tag (   id,   tag_id,   test_execution_id ) VALUES (   10,   2,   5 );  INSERT INTO test_execution_tag (   id,   tag_id,   test_execution_id ) VALUES (   3,   1,   2 );  INSERT INTO test_execution_tag (   id,   tag_id,   test_execution_id ) VALUES (   5,   1,   3 );  INSERT INTO test_execution_tag (   id,   tag_id,   test_execution_id ) VALUES (   7,   1,   4 );  INSERT INTO test_execution_tag (   id,   tag_id,   test_execution_id ) VALUES (   9,   1,   5 );  INSERT INTO test_execution_tag (   id,   tag_id,   test_execution_id ) VALUES (   12,   2,   6 );  INSERT INTO test_execution_tag (   id,   tag_id,   test_execution_id ) VALUES (   14,   2,   7 );  INSERT INTO test_execution_tag (   id,   tag_id,   test_execution_id ) VALUES (   16,   2,   8 );  INSERT INTO test_execution_tag (   id,   tag_id,   test_execution_id ) VALUES (   18,   2,   9 );  INSERT INTO test_execution_tag (   id,   tag_id,   test_execution_id ) VALUES (   20,   2,   10 );  INSERT INTO test_execution_tag (   id,   tag_id,   test_execution_id ) VALUES (   22,   2,   11 );  INSERT INTO test_execution_tag (   id,   tag_id,   test_execution_id ) VALUES (   23,   5,   12 );  INSERT INTO test_execution_tag (   id,   tag_id,   test_execution_id ) VALUES (   24,   2,   12 );  INSERT INTO test_execution_tag (   id,   tag_id,   test_execution_id ) VALUES (   25,   5,   13 );  INSERT INTO test_execution_tag (   id,   tag_id,   test_execution_id ) VALUES (   26,   2,   13 );  INSERT INTO test_execution_tag (   id,   tag_id,   test_execution_id ) VALUES (   27,   5,   14 );  INSERT INTO test_execution_tag (   id,   tag_id,   test_execution_id ) VALUES (   28,   2,   14 );  INSERT INTO test_execution_tag (   id,   tag_id,   test_execution_id ) VALUES (   29,   5,   15 );  INSERT INTO test_execution_tag (   id,   tag_id,   test_execution_id ) VALUES (   30,   2,   15 );  INSERT INTO test_execution_tag (   id,   tag_id,   test_execution_id ) VALUES (   31,   5,   16 );  INSERT INTO test_execution_tag (   id,   tag_id,   test_execution_id ) VALUES (   32,   2,   16 );  INSERT INTO test_execution_tag (   id,   tag_id,   test_execution_id ) VALUES (   33,   5,   17 );  INSERT INTO test_execution_tag (   id,   tag_id,   test_execution_id ) VALUES (   34,   2,   17 );  INSERT INTO test_execution_tag (   id,   tag_id,   test_execution_id ) VALUES (   35,   5,   18 );  INSERT INTO test_execution_tag (   id,   tag_id,   test_execution_id ) VALUES (   36,   2,   18 );  INSERT INTO test_execution_tag (   id,   tag_id,   test_execution_id ) VALUES (   37,   5,   19 );  INSERT INTO test_execution_tag (   id,   tag_id,   test_execution_id ) VALUES (   38,   2,   19 );  INSERT INTO test_execution_tag (   id,   tag_id,   test_execution_id ) VALUES (   39,   5,   20 );  INSERT INTO test_execution_tag (   id,   tag_id,   test_execution_id ) VALUES (   40,   2,   20 );  INSERT INTO test_execution_tag (   id,   tag_id,   test_execution_id ) VALUES (   41,   5,   21 );  INSERT INTO test_execution_tag (   id,   tag_id,   test_execution_id ) VALUES (   42,   2,   21 );  INSERT INTO test_execution_tag (   id,   tag_id,   test_execution_id ) VALUES (   43,   5,   22 );  INSERT INTO test_execution_tag (   id,   tag_id,   test_execution_id ) VALUES (   44,   2,   22 );  INSERT INTO test_execution_tag (   id,   tag_id,   test_execution_id ) VALUES (   45,   5,   23 );  INSERT INTO test_execution_tag (   id,   tag_id,   test_execution_id ) VALUES (   46,   2,   23 );  INSERT INTO test_execution_tag (   id,   tag_id,   test_execution_id ) VALUES (   47,   1,   24 );  INSERT INTO test_execution_tag (   id,   tag_id,   test_execution_id ) VALUES (   48,   2,   24 );  INSERT INTO test_execution_tag (   id,   tag_id,   test_execution_id ) VALUES (   11,   1,   6 );  INSERT INTO test_execution_tag (   id,   tag_id,   test_execution_id ) VALUES (   13,   1,   7 );  INSERT INTO test_execution_tag (   id,   tag_id,   test_execution_id ) VALUES (   15,   1,   8 );  INSERT INTO test_execution_tag (   id,   tag_id,   test_execution_id ) VALUES (   17,   1,   9 );  INSERT INTO test_execution_tag (   id,   tag_id,   test_execution_id ) VALUES (   19,   1,   10 );  INSERT INTO test_execution_tag (   id,   tag_id,   test_execution_id ) VALUES (   21,   1,   11 );       INSERT INTO test_execution_parameter (   id,   name,   value,   test_execution_id ) VALUES (   1,   'THREAD',   '1',   1 );  INSERT INTO test_execution_parameter (   id,   name,   value,   test_execution_id ) VALUES (   2,   'RESULT_SIZE',   '1',   1 );  INSERT INTO test_execution_parameter (   id,   name,   value,   test_execution_id ) VALUES (   3,   'DB',   'Oracle11g',   1 );  INSERT INTO test_execution_parameter (   id,   name,   value,   test_execution_id ) VALUES (   4,   'THREAD',   '10',   2 );  INSERT INTO test_execution_parameter (   id,   name,   value,   test_execution_id ) VALUES (   5,   'RESULT_SIZE',   '1',   2 );  INSERT INTO test_execution_parameter (   id,   name,   value,   test_execution_id ) VALUES (   6,   'DB',   'Oracle11g',   2 );  INSERT INTO test_execution_parameter (   id,   name,   value,   test_execution_id ) VALUES (   7,   'THREAD',   '50',   3 );  INSERT INTO test_execution_parameter (   id,   name,   value,   test_execution_id ) VALUES (   8,   'RESULT_SIZE',   '1',   3 );  INSERT INTO test_execution_parameter (   id,   name,   value,   test_execution_id ) VALUES (   9,   'DB',   'Oracle11g',   3 );  INSERT INTO test_execution_parameter (   id,   name,   value,   test_execution_id ) VALUES (   10,   'THREAD',   '100',   4 );  INSERT INTO test_execution_parameter (   id,   name,   value,   test_execution_id ) VALUES (   11,   'RESULT_SIZE',   '1',   4 );  INSERT INTO test_execution_parameter (   id,   name,   value,   test_execution_id ) VALUES (   12,   'DB',   'Oracle11g',   4 );  INSERT INTO test_execution_parameter (   id,   name,   value,   test_execution_id ) VALUES (   13,   'THREAD',   '200',   5 );  INSERT INTO test_execution_parameter (   id,   name,   value,   test_execution_id ) VALUES (   14,   'RESULT_SIZE',   '1',   5 );  INSERT INTO test_execution_parameter (   id,   name,   value,   test_execution_id ) VALUES (   15,   'DB',   'Oracle11g',   5 );  INSERT INTO test_execution_parameter (   id,   name,   value,   test_execution_id ) VALUES (   16,   'THREAD',   '1',   6 );  INSERT INTO test_execution_parameter (   id,   name,   value,   test_execution_id ) VALUES (   17,   'RESULT_SIZE',   '100',   6 );  INSERT INTO test_execution_parameter (   id,   name,   value,   test_execution_id ) VALUES (   18,   'DB',   'Oracle11g',   6 );  INSERT INTO test_execution_parameter (   id,   name,   value,   test_execution_id ) VALUES (   19,   'THREAD',   '5',   7 );  INSERT INTO test_execution_parameter (   id,   name,   value,   test_execution_id ) VALUES (   20,   'RESULT_SIZE',   '100',   7 );  INSERT INTO test_execution_parameter (   id,   name,   value,   test_execution_id ) VALUES (   21,   'DB',   'Oracle11g',   7 );  INSERT INTO test_execution_parameter (   id,   name,   value,   test_execution_id ) VALUES (   22,   'THREAD',   '10',   8 );  INSERT INTO test_execution_parameter (   id,   name,   value,   test_execution_id ) VALUES (   23,   'RESULT_SIZE',   '100',   8 );  INSERT INTO test_execution_parameter (   id,   name,   value,   test_execution_id ) VALUES (   24,   'DB',   'Oracle11g',   8 );  INSERT INTO test_execution_parameter (   id,   name,   value,   test_execution_id ) VALUES (   25,   'THREAD',   '50',   9 );  INSERT INTO test_execution_parameter (   id,   name,   value,   test_execution_id ) VALUES (   26,   'RESULT_SIZE',   '100',   9 );  INSERT INTO test_execution_parameter (   id,   name,   value,   test_execution_id ) VALUES (   27,   'DB',   'Oracle11g',   9 );  INSERT INTO test_execution_parameter (   id,   name,   value,   test_execution_id ) VALUES (   28,   'THREAD',   '100',   10 );  INSERT INTO test_execution_parameter (   id,   name,   value,   test_execution_id ) VALUES (   29,   'RESULT_SIZE',   '100',   10 );  INSERT INTO test_execution_parameter (   id,   name,   value,   test_execution_id ) VALUES (   30,   'DB',   'Oracle11g',   10 );  INSERT INTO test_execution_parameter (   id,   name,   value,   test_execution_id ) VALUES (   31,   'THREAD',   '200',   11 );  INSERT INTO test_execution_parameter (   id,   name,   value,   test_execution_id ) VALUES (   32,   'RESULT_SIZE',   '100',   11 );  INSERT INTO test_execution_parameter (   id,   name,   value,   test_execution_id ) VALUES (   33,   'DB',   'Oracle11g',   11 );  INSERT INTO test_execution_parameter (   id,   name,   value,   test_execution_id ) VALUES (   34,   'THREAD',   '1',   12 );  INSERT INTO test_execution_parameter (   id,   name,   value,   test_execution_id ) VALUES (   35,   'RESULT_SIZE',   '1',   12 );  INSERT INTO test_execution_parameter (   id,   name,   value,   test_execution_id ) VALUES (   36,   'DB',   'Oracle11g',   12 );  INSERT INTO test_execution_parameter (   id,   name,   value,   test_execution_id ) VALUES (   37,   'THREAD',   '5',   13 );  INSERT INTO test_execution_parameter (   id,   name,   value,   test_execution_id ) VALUES (   38,   'RESULT_SIZE',   '1',   13 );  INSERT INTO test_execution_parameter (   id,   name,   value,   test_execution_id ) VALUES (   39,   'DB',   'Oracle11g',   13 );  INSERT INTO test_execution_parameter (   id,   name,   value,   test_execution_id ) VALUES (   40,   'THREAD',   '10',   14 );  INSERT INTO test_execution_parameter (   id,   name,   value,   test_execution_id ) VALUES (   41,   'RESULT_SIZE',   '1',   14 );  INSERT INTO test_execution_parameter (   id,   name,   value,   test_execution_id ) VALUES (   42,   'DB',   'Oracle11g',   14 );  INSERT INTO test_execution_parameter (   id,   name,   value,   test_execution_id ) VALUES (   43,   'THREAD',   '50',   15 );  INSERT INTO test_execution_parameter (   id,   name,   value,   test_execution_id ) VALUES (   44,   'RESULT_SIZE',   '1',   15 );  INSERT INTO test_execution_parameter (   id,   name,   value,   test_execution_id ) VALUES (   45,   'DB',   'Oracle11g',   15 );  INSERT INTO test_execution_parameter (   id,   name,   value,   test_execution_id ) VALUES (   46,   'THREAD',   '100',   16 );  INSERT INTO test_execution_parameter (   id,   name,   value,   test_execution_id ) VALUES (   47,   'RESULT_SIZE',   '1',   16 );  INSERT INTO test_execution_parameter (   id,   name,   value,   test_execution_id ) VALUES (   48,   'DB',   'Oracle11g',   16 );  INSERT INTO test_execution_parameter (   id,   name,   value,   test_execution_id ) VALUES (   49,   'THREAD',   '200',   17 );  INSERT INTO test_execution_parameter (   id,   name,   value,   test_execution_id ) VALUES (   50,   'RESULT_SIZE',   '1',   17 );  INSERT INTO test_execution_parameter (   id,   name,   value,   test_execution_id ) VALUES (   51,   'DB',   'Oracle11g',   17 );  INSERT INTO test_execution_parameter (   id,   name,   value,   test_execution_id ) VALUES (   52,   'THREAD',   '1',   18 );  INSERT INTO test_execution_parameter (   id,   name,   value,   test_execution_id ) VALUES (   53,   'RESULT_SIZE',   '100',   18 );  INSERT INTO test_execution_parameter (   id,   name,   value,   test_execution_id ) VALUES (   54,   'DB',   'Oracle11g',   18 );  INSERT INTO test_execution_parameter (   id,   name,   value,   test_execution_id ) VALUES (   55,   'THREAD',   '5',   19 );  INSERT INTO test_execution_parameter (   id,   name,   value,   test_execution_id ) VALUES (   56,   'RESULT_SIZE',   '100',   19 );  INSERT INTO test_execution_parameter (   id,   name,   value,   test_execution_id ) VALUES (   57,   'DB',   'Oracle11g',   19 );  INSERT INTO test_execution_parameter (   id,   name,   value,   test_execution_id ) VALUES (   58,   'THREAD',   '10',   20 );  INSERT INTO test_execution_parameter (   id,   name,   value,   test_execution_id ) VALUES (   59,   'RESULT_SIZE',   '100',   20 );  INSERT INTO test_execution_parameter (   id,   name,   value,   test_execution_id ) VALUES (   60,   'DB',   'Oracle11g',   20 );  INSERT INTO test_execution_parameter (   id,   name,   value,   test_execution_id ) VALUES (   61,   'THREAD',   '50',   21 );  INSERT INTO test_execution_parameter (   id,   name,   value,   test_execution_id ) VALUES (   62,   'RESULT_SIZE',   '100',   21 );  INSERT INTO test_execution_parameter (   id,   name,   value,   test_execution_id ) VALUES (   63,   'DB',   'Oracle11g',   21 );  INSERT INTO test_execution_parameter (   id,   name,   value,   test_execution_id ) VALUES (   64,   'THREAD',   '100',   22 );  INSERT INTO test_execution_parameter (   id,   name,   value,   test_execution_id ) VALUES (   65,   'RESULT_SIZE',   '100',   22 );  INSERT INTO test_execution_parameter (   id,   name,   value,   test_execution_id ) VALUES (   66,   'DB',   'Oracle11g',   22 );  INSERT INTO test_execution_parameter (   id,   name,   value,   test_execution_id ) VALUES (   67,   'THREAD',   '200',   23 );  INSERT INTO test_execution_parameter (   id,   name,   value,   test_execution_id ) VALUES (   68,   'RESULT_SIZE',   '100',   23 );  INSERT INTO test_execution_parameter (   id,   name,   value,   test_execution_id ) VALUES (   69,   'DB',   'Oracle11g',   23 );  INSERT INTO test_execution_parameter (   id,   name,   value,   test_execution_id ) VALUES (   70,   'THREAD',   '5',   24 );  INSERT INTO test_execution_parameter (   id,   name,   value,   test_execution_id ) VALUES (   71,   'RESULT_SIZE',   '1',   24 );  INSERT INTO test_execution_parameter (   id,   name,   value,   test_execution_id ) VALUES (   72,   'DB',   'Oracle11g',   24 );          COMMIT;
